"id","name","bikes_count","terminal_id"
2,"New Road 1 , Whitechapel",36,1171
3,"Queen Street 2, Bank",36,200128
4,"Queen Mary's, Mile End",43,200249
5,"Cloudesley Road, Angel",34,2586
6,"All Saints Church, Portobello",34,300023
7,"Ada Street, Hackney Central",42,300040
8,"Red Lion Street, Holborn",30,22171
9,"Crisp Road, Hammersmith",40,200059
10,"Royal London Hospital, Whitechapel",35,1077
11,"Watney Market, Stepney",42,200162
12,"Belgrove Street , King's Cross",37,1011
13,"St. John's Wood Church, The Regent's Park",37,1091
14,"Edgware Road Station, Marylebone",51,1058
15,"Doric Way , Somers Town",35,1004
16,"Colombo Street, Southwark",0,3472
17,"Michael Road, Walham Green",0,300095
18,"Chelsea Bridge, Pimlico",0,22160
19,"Queensway, Kensington Gardens",0,1150
20,"Ashley Crescent, Battersea",0,200169
21,"Shoreditch Park, Hoxton",0,1051
22,"Elizabeth Bridge, Victoria",0,1138
23,"Commercial Street, Shoreditch",1,1083
24,"Nesham Street, Wapping",1,1031
25,"Guildhouse Street, Victoria",1,3478
26,"Devonshire Terrace, Bayswater",1,1227
27,"Vincent Street, Pimlico",1,22161
28,"Park Street, Bankside",1,1024
29,"Central House, Aldgate",1,3430
30,"Vicarage Gate, Kensington",1,3441
31,"Kennington Road Post Office, Oval",1,1073
32,"Frith Street, Soho",1,2660
33,"Northington Street , Holborn",1,3425
34,"Queen's Gate, Kensington Gardens",1,1231
35,"Bonner Gate, Victoria Park",1,200241
36,"Alpha Grove, Millwall",1,200109
37,"Nantes Close, Wandsworth",1,200186
38,"West Cromwell Road, Earl's Court",1,1001
39,"Riverlight North, Nine Elms",1,1165
40,"Foley Street, Fitzrovia",1,3494
41,"Phene Street, Chelsea",1,200189
42,"Battersea Church Road, Battersea",1,200201
43,"Wandsworth Rd, Isley Court, Wandsworth Road",1,200175
44,"Ethelburga Estate, Battersea Park",1,300005
45,"Euston Square Gardens, Euston",1,300203
46,"Queen's Gate (Central), South Kensington",1,1089
47,"Plough Terrace, Clapham Junction",1,300094
48,"British Museum, Bloomsbury",1,981
49,"Tyers Gate, Bermondsey",1,3485
50,"Leman Street, Aldgate",1,1102
51,"Clapham Common North Side, Clapham Common",1,300065
52,"Collingham Gardens, Earl's Court",2,3459
53,"LMU Commercial Road, Whitechapel",2,1105
54,"Waterloo Bridge, South Bank",2,2648
55,"Cadogan Gardens, Chelsea",2,2695
56,"Red Lion Square, Holborn",2,3421
57,"The Tennis Courts, The Regent's Park",2,1199
58,"Penywern Road, Earl's Court",2,3444
59,"Greycoat Street , Westminster",2,10623
60,"Lambeth Road, Vauxhall",2,1078
61,"Serpentine Car Park, Hyde Park",2,1217
62,"Wendon Street, Old Ford",2,300039
63,"Bolsover Street, Fitzrovia",2,1025
64,"Torrens Street, Angel",2,1060
65,"Rotherhithe Roundabout, Rotherhithe",2,10629
66,"Exhibition Road, Knightsbridge",2,22179
67,"Rampayne Street, Pimlico",2,1106
68,"Clapham Common Station, Clapham Common",2,2694
69,"Imperial College, Knightsbridge",2,1220
70,"Kensington Gore, Knightsbridge",2,1193
71,"Kennington Station, Kennington",2,22170
72,"Page Street, Westminster",2,200048
73,"Cranmer Road, Stockwell",2,300247
74,"York Way, Kings Cross",2,300235
75,"Spanish Road, Clapham Junction",2,200106
76,"Wren Street, Holborn",2,22169
77,"East Village, Queen Elizabeth Olympic Park",2,300200
78,"Vauxhall Bridge , Pimlico",2,1046
79,"Shoreditch Court, Haggerston",2,200121
80,"South Quay East, Canary Wharf",2,200233
81,"Carnegie Street, King's Cross",2,300035
82,"Tanner Street, Bermondsey",2,994
83,"Houghton Street, Strand",3,3484
84,"Devonshire Square, Liverpool Street",3,3438
85,"Cleveland Gardens, Bayswater",3,1178
86,"Carey Street, Holborn",3,1139
87,"Porchester Place, Paddington",3,3477
88,"Cartwright Gardens , Bloomsbury",3,1010
89,"Curlew Street, Shad Thames",3,1213
90,"Naval Row, Blackwall",3,200050
91,"Regency Street, Westminster",3,1155
92,"Baylis Road, Waterloo",3,1133
93,"West Kensington Station, West Kensington",3,300020
94,"Pont Street, Knightsbridge",3,1114
95,"Bermondsey Street, Bermondsey",3,2637
96,"Millbank Tower, Pimlico",3,2683
97,"Cephas Street, Bethnal Green",3,200073
98,"St. Peter's Terrace, Fulham",3,300043
99,"Thorndike Close, West Chelsea",3,300030
100,"Great Russell Street, Bloomsbury",3,988
101,"Riverlight South, Nine Elms",3,300232
102,"Heath Road, Battersea",3,200023
103,"Battersea Power Station, Battersea Park",3,300221
104,"Dock Street, Wapping",3,3467
105,"Kennington Road  , Vauxhall",3,1154
106,"Waterloo Station 1, Waterloo",3,2696
107,"Granby Street, Shoreditch",3,22174
108,"Queen's Gate (North), Kensington",3,1204
109,"Gaywood  Street, Elephant & Castle",3,200132
110,"Royal Avenue 1, Chelsea",4,3440
111,"Curzon Street, Mayfair",4,3437
112,"Abingdon Villas, Kensington",4,3442
113,"Vauxhall Cross, Vauxhall",4,1000
114,"Nutford Place, Marylebone",4,1112
115,"Knaresborough Place, Earl's Court",4,200069
116,"Park Lane, Mayfair",4,300093
117,"Broadley Terrace, Marylebone",4,300072
118,"Vincent Square, Westminster",4,1196
119,"Long Lane , Bermondsey",4,1189
120,"Holden Street, Battersea",4,200007
121,"Putney Rail Station, Putney",4,300033
122,"Tower Wharf, Bermondsey",4,2667
123,"George Row, Bermondsey",4,2679
124,"Victoria Rise, Clapham Common",4,300204
125,"Clifton Street, Shoreditch",4,3501
126,"Brick Lane Market, Shoreditch",4,2687
127,"Gloucester Street, Pimlico",4,1103
128,"Cromer Street, Bloomsbury",4,300205
129,"Tate Modern, Bankside",4,300237
130,"Snowsfields, London Bridge",4,200193
131,"Chancery Lane, Holborn",5,3453
132,"Paddington Street, Marylebone",5,1033
133,"Portugal Street, Holborn",5,3456
134,"Kingsway, Covent Garden",5,1141
135,"Clarges Street, Mayfair",5,200088
136,"Aberfeldy Street, Poplar",5,200078
137,"Campden Hill Road, Notting Hill",5,3487
138,"Grosvenor Square, Mayfair",5,10627
139,"St. Martin's Street, West End",5,1158
140,"Tavistock Place, Bloomsbury",5,3439
141,"Barbican Centre, Barbican",5,1191
142,"Hewison Street, Old Ford",5,200006
143,"Nevern Place, Earl's Court",5,1210
144,"Baldwin Street, St. Luke's",5,3500
145,"Twig Folly Bridge, Mile End",5,200167
146,"Charing Cross Hospital, Hammersmith",5,300018
147,"Storey's Gate, Westminster",5,200202
148,"Limburg Road, Clapham Junction",5,300100
149,"Pall Mall East, West End",5,1153
150,"King Edward Walk, Waterloo",5,2639
151,"The Blue, Bermondsey",5,300059
152,"Bedford Way, Bloomsbury",5,1156
153,"Tallis Street, Temple",5,300096
154,"Watney Street, Shadwell",5,200149
155,"Alma Road, Wandsworth",5,300046
156,"Grosvenor Road, Pimlico",5,1140
157,"Fire Brigade Pier, Vauxhall",5,2703
158,"Vicarage Crescent, Battersea",5,200077
159,"Clapham Road, Lingham Street, Stockwell",5,300245
160,"Great Dover Street, The Borough",5,1017
161,"Braham Street, Aldgate",5,1062
162,"Portland Place, Marylebone",5,1164
163,"Waterloo Station 3, Waterloo",5,1072
164,"Timber Lodge, Queen Elizabeth Olympic Park",5,300227
165,"Canada Water Station, Rotherhithe",5,300252
166,"Hyde Park Corner, Hyde Park",5,1075
167,"Bankside Mix, Bankside",5,963
168,"Royal Avenue 2, Chelsea",6,3462
169,"Exhibition Road Museums 2, South Kensington",6,200052
170,"Snow Hill, Farringdon",6,2699
171,"Bank of England Museum, Bank",6,1201
172,"Harrowby Street, Marylebone",6,2680
173,"Wellington Road, St. John's Wood",6,1055
174,"Derry Street, Kensington",6,3436
175,"Aberdeen Place, St. John's Wood",6,2698
176,"New Cavendish Street, Marylebone",6,200005
177,"New Globe Walk, Bankside",6,1015
178,"Sugden Road, Clapham",6,200208
179,"Southampton Place, Holborn",6,1123
180,"Gascoyne Road, Victoria Park",6,200155
181,"Globe Town Market, Bethnal Green",6,200247
182,"Albert Bridge Road, Battersea Park",6,300045
183,"Ampton Street , Clerkenwell",6,1019
184,"Borough High Street, The Borough",6,996
185,"Hampton Street, Walworth",6,1118
186,"Stanhope Gate, Mayfair",6,3506
187,"Parson's Green , Parson's Green",6,200237
188,"Great Suffolk Street, The Borough",6,200200
189,"Duke Street Hill, London Bridge",6,300083
190,"Percival Street, Finsbury",6,200051
191,"Cotton Garden Estate, Kennington",6,990
192,"Liverpool Road (N1 Centre), Angel",6,1081
193,"Sardinia Street, Holborn",6,2649
194,"Newton Street, Covent Garden",6,300074
195,"Hertford Road, De Beauvoir Town",6,300092
196,"William Morris Way, Sands End",6,200062
197,"Monier Road, Hackney Wick",6,300213
198,"Surrey Lane, Battersea",6,300010
199,"Clarence Walk, Stockwell",6,200194
200,"Stebondale Street, Cubitt Town",6,200009
201,"Putney Bridge Road, East Putney",6,300044
202,"Lavington Street, Bankside",6,300208
203,"Santos Road, Wandsworth",6,200177
204,"Vereker Road, West Kensington",6,200116
205,"Spindrift Avenue, Millwall",6,200018
206,"Hibbert Street, Battersea",6,300051
207,"Westferry Circus, Canary Wharf",6,300228
208,"Northumberland Avenue, Strand",6,1097
209,"Southwark Station 1, Southwark",6,22162
210,"Bow Church Station, Bow",6,200252
211,"Whitehall Place, Strand",6,1151
212,"South Wharf Road, Paddington",7,1167
213,"Wardour Street, Soho",7,1163
214,"Westminster University, Marylebone",7,1194
215,"Rathbone Street, Fitzrovia",7,3497
216,"Sadlers Sports Centre, Finsbury",7,3433
217,"Jewry Street, Aldgate",7,1045
218,"Cleaver Street, Kennington",7,10628
219,"Crawford Street, Marylebone",7,1036
220,"Gloucester Road (North), Kensington",7,3447
221,"Old Montague Street, Whitechapel",7,200239
222,"Warwick Square, Pimlico",7,3460
223,"Finnis Street, Bethnal Green",7,300041
224,"Walnut Tree Walk, Vauxhall",7,1076
225,"Pott Street, Bethnal Green",7,200156
226,"Woodstock Street, Mayfair",7,1042
227,"New Fetter Lane, Holborn",7,200044
228,"Gloucester Terrace, Bayswater",7,1173
229,"Craven Street, Strand",7,1160
230,"Stanley Grove, Battersea",7,200199
231,"Spencer Park, Wandsworth Common",7,200191
232,"Preston's Road, Cubitt Town",7,200232
233,"Golden Lane, Barbican",7,967
234,"Triangle Car Park, Hyde Park",7,1088
235,"Howick Place, Westminster",7,2666
236,"Manbre Road, Hammersmith",7,200235
237,"Ebury Bridge, Pimlico",7,22159
238,"Old Brompton Road, South Kensington",7,3479
239,"Burgess Park Albany Road, Walworth",7,300063
240,"Poured Lines, Bankside",7,1144
241,"Claverton Street, Pimlico",7,1135
242,"Kennington Oval, Oval",7,200032
243,"Sutton Street, Shadwell",7,200256
244,"Newgate Street , St. Paul's",7,1074
245,"Shoreditch High Street, Shoreditch",7,3445
246,"Jubilee Crescent, Cubitt Town",7,200054
247,"Rochester Row, Westminster",8,3457
248,"Southampton Street, Strand",8,1228
249,"South Audley Street, Mayfair",8,3493
250,"Horseferry Road, Westminster",8,1170
251,"Montpelier Street, Knightsbridge",8,1206
252,"St. George's Square, Pimlico",8,1195
253,"Union Street, The Borough",8,961
254,"Kensington Church Street, Kensington",8,1143
255,"Gunmakers Lane, Old Ford",8,200014
256,"Trebovir Road, Earl's Court",8,1113
257,"Chadwell Street, Angel",8,3471
258,"Fournier Street, Whitechapel",8,200157
259,"Bishop's Bridge Road West, Bayswater",8,200110
260,"Driffield Road, Old Ford",8,200030
261,"London Street, Paddington",8,300079
262,"Finsbury Leisure Centre, St. Luke's",8,1049
263,"Waterloo Place, St. James's",8,3458
264,"Tysoe Street, Clerkenwell",8,1146
265,"St Mary's Hospital, Paddington",8,3496
266,"Abingdon Green, Westminster",8,200231
267,"Bury Place, Holborn",8,200074
268,"Canton Street, Poplar",8,22175
269,"Star Road, West Kensington",8,300038
270,"Rodney Road , Walworth",8,3481
271,"Blythe Road, Olympia",8,200153
272,"Stainsby Road , Poplar",8,300048
273,"Ashley Place, Victoria",8,1122
274,"Simpson Street, Clapham Junction",8,200196
275,"St. Bride Street, Holborn",8,200094
276,"Theobald's Road , Holborn",8,975
277,"Stamford Street, South Bank",8,962
278,"Swan Street, The Borough",8,1216
279,"Albany Street, The Regent's Park",8,200134
280,"Fulham Park Road, Fulham",8,200229
281,"Dorothy Road, Clapham Junction",8,200119
282,"Lincoln's Inn Fields, Holborn",8,300240
283,"Here East North, Queen Elizabeth Olympic Park",8,300217
284,"Howland Street, Fitzrovia",8,2691
285,"Gwendwr Road, West Kensington",8,300097
286,"Albert Gate, Hyde Park",8,1132
287,"Hartington Road, Stockwell",8,200207
288,"Doddington Grove, Kennington",8,200084
289,"Fawcett Close, Battersea",8,200192
290,"Greyhound Road, Hammersmith",8,200215
291,"Lindfield Street, Poplar",8,22178
292,"Union Grove, Wandsworth Road",8,200211
293,"Concert Hall Approach 1, South Bank",9,2635
294,"Alderney Street, Pimlico",9,1174
295,"Charlotte Street, Fitzrovia",9,2669
296,"Aldersgate Street, Barbican",9,1065
297,"Orsett Terrace, Bayswater",9,2585
298,"Tachbrook Street, Victoria",9,965
299,"Princes Square, Bayswater",9,3491
300,"North Audley Street, Mayfair",9,1126
301,"Geraldine Street, Elephant & Castle",9,3498
302,"Arundel Street, Temple",9,3455
303,"Smith Square, Westminster",9,3480
304,"Concert Hall Approach 2, South Bank",9,1212
305,"Prince Consort Road, Knightsbridge",9,3499
306,"Ford Road, Old Ford",9,200027
307,"River Street , Clerkenwell",9,1023
308,"Millharbour, Millwall",9,22167
309,"Hurlingham Park, Parsons Green",9,300098
310,"Hereford Road, Bayswater",9,1016
311,"Reardon Street, Wapping",9,22176
312,"Cadogan Close, Victoria Park",9,200112
313,"Hawley Crescent, Camden Town",9,200122
314,"Bell Lane, Liverpool Street",9,200036
315,"Harford Street, Mile End",9,200102
316,"Chesilton Road, Fulham",9,300054
317,"Southwark Street, Bankside",9,300238
318,"Durant Street, Bethnal Green",9,200213
319,"St. Mary & St. Michael Church, Stepney",9,200082
320,"Fore Street Avenue, Guildhall",9,300222
321,"Hatton Wall, Holborn",9,1008
322,"Putney Pier, Wandsworth",9,3492
323,"Wapping Lane, Wapping",9,200034
324,"Silverthorne Road, Battersea",9,200179
325,"Gauden Road, Clapham",9,300207
326,"Belgrave Road, Victoria",9,1087
327,"Coram Street, Bloomsbury",9,300201
328,"Usk Road, Clapham Junction",9,200126
329,"Ossulston Street, Somers Town",9,300211
330,"Bermondsey Station, Bermondsey",9,300253
331,"Kennington Lane Rail Bridge, Vauxhall",9,1190
332,"Tavistock Street, Covent Garden",9,1207
333,"Cadogan Place, Knightsbridge",9,3469
334,"Worship Street, Shoreditch",9,997
335,"Marloes Road, Kensington",10,3505
336,"Moor Street, Soho",10,3504
337,"Gower Place , Euston",10,969
338,"Southwick Street, Paddington",10,3490
339,"Southern Grove, Bow",10,200168
340,"Broadcasting House, Marylebone",10,3424
341,"Roscoe Street, St. Luke's",10,1026
342,"Bath Street, St. Luke's",10,964
343,"Butler Place, Westminster",10,2662
344,"Warwick Avenue Station, Maida Vale",10,1027
345,"Argyll Road, Kensington",10,3463
346,"Fore Street, Guildhall",10,200253
347,"Abyssinia Close, Clapham Junction",10,300099
348,"Scala Street, Fitzrovia",10,970
349,"Stepney Green Station, Stepney",10,200012
350,"Bancroft Road, Bethnal Green",10,200234
351,"Mile End Stadium, Mile End",10,300056
352,"Aylward Street, Stepney",10,300049
353,"Beaumont Street, Marylebone",10,3482
354,"Euston Road, Euston",10,983
355,"Charles II Street, West End",10,3488
356,"St. Katharine's Way, Tower",10,200049
357,"Garnet Street, Shadwell",10,200045
358,"Aintree Street, Fulham",10,200098
359,"South Bermondsey Station, Bermondsey",10,300062
360,"Wynne Road, Stockwell",10,300230
361,"Palissy Street, Shoreditch",10,3502
362,"York Hall, Bethnal Green",10,200042
363,"Lancaster Drive, Blackwall",10,200143
364,"Park Lane , Hyde Park",10,1037
365,"Stewart's Road, Wandsworth Road",10,300055
366,"Here East South, Queen Elizabeth Olympic Park",10,300219
367,"Abbey Orchard Street, Westminster",10,3429
368,"Westfield Southern Terrace ,Shepherd's Bush",10,200061
369,"Philpot Street, Whitechapel",10,200033
370,"Ferndale Road, Brixton",10,200240
371,"Lightermans Road, Millwall",10,200004
372,"Mudchute DLR, Cubitt Town",10,200092
373,"Copper Box Arena, Queen Elizabeth Olympic Park",10,300226
374,"Normandy Road, Stockwell",10,300225
375,"Disraeli Road, Putney",10,200217
376,"Belvedere Road 2, South Bank",10,300246
377,"Eagle Wharf Road, Hoxton",10,200246
378,"Penfold Street, Marylebone",11,10625
379,"Charlbert Street, St. John's Wood",11,3422
380,"Eversholt Street , Camden Town",11,1005
381,"Bourne Street, Belgravia",11,1180
382,"Shouldham Street, Marylebone",11,2693
383,"Hermitage Court, Wapping",11,200021
384,"Upper Grosvenor Street, Mayfair",11,10621
385,"Chrisp Street Market, Poplar",11,200089
386,"Newby Place, Poplar",11,200146
387,"St Martins Close, Camden Town",11,200195
388,"Felsham Road, Putney",11,300019
389,"Mexfield Road, East Putney",11,200063
390,"Sumner Place, South Kensington",11,1124
391,"Margery Street, Clerkenwell",11,3468
392,"Lambeth North Station, Waterloo",11,1117
393,"Crinan Street, King's Cross",11,22183
394,"Panton Street, West End",11,3452
395,"Danvers Street, West Chelsea",11,200222
396,"Rectory Square, Stepney",11,200037
397,"World's End Place, West Chelsea",11,300009
398,"Alfreda Street, Battersea Park",11,300047
399,"Marylebone Lane, Marylebone",11,1152
400,"Gloucester Avenue, Camden Town",11,200145
401,"Eel Brook Common, Walham Green",11,300003
402,"Kensington Olympia Station, Olympia",11,1214
403,"Russell Square Station, Bloomsbury",11,978
404,"Graham Street, Angel",11,1131
405,"Humbolt Road, Fulham",11,300068
406,"Heron Quays DLR, Canary Wharf",11,200138
407,"Crabtree Lane, Fulham",11,200221
408,"Sidney Road, Stockwell",11,300229
409,"Westbridge Road, Battersea",11,200210
410,"Milroy Walk, South Bank",11,959
411,"Denyer Street, Knightsbridge",11,3454
412,"Guilford Street , Bloomsbury",11,974
413,"Store Street, Bloomsbury",11,3507
414,"Albert Square, Stockwell",11,300209
415,"Bouverie Street, Temple",11,1021
416,"Wellington Row, Bethnal Green",11,200165
417,"Shepherd's Bush Road North, Shepherd's Bush",11,200209
418,"Victoria Park Road, Hackney Central",11,300011
419,"Bethnal Green Road, Shoreditch",11,973
420,"Embankment (Savoy), Strand",11,1192
421,"Webber Street , Southwark",11,3448
422,"Ontario Street, Elephant & Castle",12,1200
423,"Gloucester Road Station, South Kensington",12,1107
424,"Old Quebec Street, Marylebone",12,1085
425,"Wood Street, Guildhall",12,1063
426,"Clifford Street, Mayfair",12,2688
427,"Claremont Square, Angel",12,1104
428,"Earnshaw Street , Covent Garden",12,1145
429,"St. George Street, Mayfair",12,1221
430,"Kensington Town Hall, Kensington",12,10632
431,"Drayton Gardens, West Chelsea",12,200060
432,"New Inn Yard, Shoreditch",12,1032
433,"Eaton Square, Belgravia",12,1069
434,"Belgrave Square, Belgravia",12,3473
435,"Elysium Place, Fulham",12,200028
436,"All Saints' Road, Portobello",12,300026
437,"Smugglers Way, Wandsworth",12,200113
438,"Brunswick Square, Bloomsbury",12,1022
439,"Sail Street, Vauxhall",12,200039
440,"Langdon Park, Poplar",12,200160
441,"Finlay Street, Fulham",12,200029
442,"Ormonde Gate, Chelsea",12,300089
443,"Kings Gate House, Westminster",12,300202
444,"Victory Place, Walworth",12,300239
445,"Breams Buildings, Holborn",12,3449
446,"Risinghill Street, Angel",12,1127
447,"Lansdowne Drive, Hackney Central",12,3426
448,"Westminster Bridge Road, Elephant & Castle",12,200076
449,"Murray Grove , Hoxton",12,989
450,"Cheshire Street, Bethnal Green",12,200003
451,"Sheepcote Lane, Battersea",12,200176
452,"Chapel Place, Marylebone",12,1003
453,"Oxford Road, Putney",12,300078
454,"Fashion Street, Whitechapel",12,3483
455,"Victoria & Albert Museum, South Kensington",12,300032
456,"Christopher Street, Liverpool Street",12,1012
457,"Upper Bank Street, Canary Wharf",12,200099
458,"New Spring Gardens Walk, Vauxhall",12,300224
459,"Belford House, Haggerston",12,200057
460,"Borough Road, Elephant & Castle",12,1082
461,"Ansell House, Stepney",12,200148
462,"Westferry DLR, Limehouse",12,200238
463,"Harper Road, The Borough",12,1137
464,"Saltoun Road, Brixton",12,300206
465,"Empire Square, The Borough",12,1209
466,"Hop Exchange, The Borough",12,960
467,"Palace Gate, Kensington Gardens",13,1110
468,"Exhibition Road Museums 1, South Kensington",13,22158
469,"South Kensington Station, South Kensington",13,2685
470,"Farm Street, Mayfair",13,2678
471,"Buckingham Gate, Westminster",13,200178
472,"Goswell Road (City Uni), Finsbury",13,1222
473,"South Parade, Chelsea",13,22182
474,"Manresa Road, Chelsea",13,200010
475,"Limerston Street, West Chelsea",13,200001
476,"Gloucester Road (Central), South Kensington",13,3435
477,"King Edward Street, St Pauls",13,200203
478,"Bishop's Bridge Road East, Bayswater",13,200108
479,"Longford Street, The Regent's Park",13,976
480,"St. Mary Axe, Aldgate",13,1184
481,"Warwick Row, Westminster",13,968
482,"Turquoise Island, Notting Hill",13,2682
483,"Whiston Road, Haggerston",13,200158
484,"Park Road (Baker Street), The Regent's Park",13,1050
485,"Great Percy Street, Clerkenwell",13,3470
486,"Black Lion Gate, Kensington Gardens",13,1157
487,"Wellington Street , Strand",13,1202
488,"Bromley High Street, Bow",13,22172
489,"Arlington Road, Camden Town",13,200070
490,"Godliman Street, St. Paul's",13,971
491,"North Wharf Road, Paddington",13,1108
492,"Northfields, Wandsworth",13,200204
493,"Pritchard's Road, Bethnal Green",13,200083
494,"Sopwith Way, Battersea Park",13,300248
495,"Finsbury Square , Moorgate",13,1056
496,"Teviot Street, Poplar",13,200254
497,"Salmon Lane, Limehouse",13,200147
498,"Rainville Road, Hammersmith",13,200182
499,"Blackfriars Road, Southwark",13,300214
500,"Mostyn Grove, Bow",13,200174
501,"Museum of London, Barbican",13,1043
502,"Hampstead Road, Euston",13,972
503,"Waterloo Road, South Bank",14,1176
504,"West Smithfield Rotunda, Farringdon",14,1040
505,"Farringdon Lane, Clerkenwell",14,3432
506,"Wormwood Street, Liverpool Street",14,2587
507,"George Place Mews, Marylebone",14,10630
508,"St. John Street, Finsbury",14,992
509,"Bell Street , Marylebone",14,1166
510,"Sackville Street, Mayfair",14,1197
511,"Black Prince Road, Vauxhall",14,1205
512,"Wapping High Street, Wapping",14,1039
513,"Mallory Street, Marylebone",14,1175
514,"Bruton Street, Mayfair",14,1034
515,"South Lambeth Road, Vauxhall",14,200133
516,"London Fields, Hackney Central",14,200025
517,"Rifle Place, Avondale",14,300007
518,"Baker Street, Marylebone",14,1086
519,"Thurtle Road, Haggerston",14,200093
520,"Blenheim Crescent, Ladbroke Grove",14,300090
521,"Clements Road, Bermondsey",14,200216
522,"Pindar Street, Liverpool Street",14,1084
523,"Prince Albert Road, The Regent's Park",14,2636
524,"Austin Road, Battersea Park",14,300013
525,"Harcourt Terrace, West Brompton",14,300069
526,"Orbel Street, Battersea",14,200114
527,"De Vere Gardens, Kensington",14,3446
528,"Hatton Garden, Holborn",14,985
529,"Ackroyd Drive, Bow",14,200038
530,"Broomhouse Lane, Parsons Green",14,200040
531,"Eaton Square (South), Belgravia",14,22164
532,"London Zoo,  The Regent's Park",14,1136
533,"Dickens Square, Borough",14,1208
534,"Kingsway Southbound, Strand",14,200226
535,"Crosswall, Tower",14,991
536,"Brushfield Street, Liverpool Street",14,1161
537,"Ashmole Estate, Oval",14,200223
538,"Saunders Ness Road, Cubitt Town",14,200022
539,"Lambeth Palace Road, Waterloo",14,300231
540,"BBC White City, White City",14,200136
541,"Wright's Lane, Kensington",14,1094
542,"Wells Street, Fitzrovia",14,3495
543,"Strata, Elephant & Castle",14,10624
544,"Kennington Cross, Kennington",14,1093
545,"The Guildhall, Guildhall",15,1044
546,"Lower Marsh, Waterloo",15,1219
547,"East Ferry Road, Cubitt Town",15,200031
548,"Portman Square, Marylebone",15,200008
549,"Lisson Grove, St. John's Wood",15,1030
550,"Harris Academy, Bermondsey",15,300004
551,"Eccleston Place, Victoria",15,3465
552,"Hansard Mews, Holland Park",15,200154
553,"Malmesbury Road, Bow",15,200019
554,"Sandilands Road, Walham Green",15,300001
555,"Monument Street, Monument",15,200101
556,"Norton Folgate, Liverpool Street",15,1068
557,"Montserrat Road , Putney",15,200205
558,"Old Ford Road, Bethnal Green",15,22173
559,"Temple Gardens, Temple",15,300250
560,"Lollard Street, Vauxhall",15,998
561,"Harriet Street, Knightsbridge",15,2681
562,"Imperial Wharf Station, Sands End",15,300070
563,"Aston Street, Stepney",15,200013
564,"Greenberry Street, St.John's Wood",15,200236
565,"Ravenscourt Park Station, Hammersmith",15,300037
566,"Beryl Road, Hammersmith",15,200097
567,"Seville Street, Knightsbridge",15,1177
568,"Richmond Way, Shepherd's Bush",15,200181
569,"Neville Gill Close, Wandsworth",15,200188
570,"Shadwell Station, Shadwell",15,200020
571,"Imperial Road, Sands End",15,300087
572,"Belvedere Road 1, South Bank",15,1186
573,"Courland Grove, Wandsworth Road",15,200173
574,"Pancras Road, King's Cross",16,3428
575,"Dorset Square, Marylebone",16,1162
576,"Pembridge Villas, Notting Hill",16,2589
577,"Selby Street, Whitechapel",16,200135
578,"Grafton Street, Mayfair",16,3431
579,"Broadwick Street, Soho",16,3489
580,"Lexham Gardens, Kensington",16,1121
581,"Crimscott Street, Bermondsey",16,300061
582,"Princedale Road , Holland Park",16,200067
583,"Ladbroke Grove Central, Ladbroke Grove",16,200015
584,"Ilchester Gardens, Bayswater",16,200086
585,"Putney Bridge Station, Fulham",16,200125
586,"Blythe Road West, Shepherd's Bush",16,200220
587,"Islington Green, Angel",16,300031
588,"Westbourne Park Road, Portobello",16,300057
589,"Windsor Terrace, Hoxton",16,1029
590,"Columbia Road, Shoreditch",16,2701
591,"Cantrell Road, Bow",16,200150
592,"Normand Park, West Kensington",16,300008
593,"Lots Road, West Chelsea",16,300076
594,"Bevington Road West, North Kensington",16,300236
595,"Bayley Street , Bloomsbury",16,1006
596,"Queen's Gate (South), South Kensington",16,1172
597,"Flamborough Street, Limehouse",16,200115
598,"St John's Crescent, Brixton",16,300215
599,"Westbourne Grove, Bayswater",16,1041
600,"Bayswater Road, Hyde Park",16,1096
601,"Millennium Hotel, Mayfair",16,1230
602,"Handyside Street, King's Cross",16,300241
603,"Drummond Street , Euston",16,993
604,"Holy Trinity Brompton, Knightsbridge",16,1002
605,"Queen Victoria Street, St. Paul's",16,1048
606,"Haggerston Road, Haggerston",16,300081
607,"Southerton Road, Hammersmith",16,200166
608,"St. James's Square, St. James's",16,1067
609,"Somerset House, Strand",16,200068
610,"Southwark Station 2, Southwark",16,22163
611,"Golden Square, Soho",17,3451
612,"Bridge Avenue, Hammersmith",17,300082
613,"The Metropolitan, Portobello",17,300244
614,"Green Street, Mayfair",17,3464
615,"St. Luke's Church, Chelsea",17,3486
616,"Paddington Green, Paddington",17,2670
617,"Napier Avenue, Millwall",17,200046
618,"Stonecutter Street, Holborn",17,1061
619,"Clerkenwell Green, Clerkenwell",17,1053
620,"Brandon Street, Walworth",17,300060
621,"Freston Road, Avondale",17,300085
622,"Albert Embankment, Vauxhall",17,1059
623,"Walworth Square, Walworth",17,300050
624,"The Vale, Chelsea",17,300058
625,"Halford Road, West Kensington",17,300210
626,"William IV Street, Strand",17,1028
627,"Chepstow Villas, Notting Hill",17,1120
628,"Queen Mother Sports Centre, Victoria",17,1148
629,"Gas Holders, Battersea Park",17,300216
630,"Sloane Avenue, Knightsbridge",17,3461
631,"Goldsmith's Row, Haggerston",17,200159
632,"Macclesfield Rd, St Lukes",17,1226
633,"Stratford Station, Stratford",17,300234
634,"Finsbury Library , Finsbury",17,986
635,"Notting Hill Gate Station, Notting Hill",17,1182
636,"St. John's Park, Cubitt Town",17,200243
637,"Clarkson Street, Bethnal Green",17,200131
638,"Brook Green South, Brook Green",17,300002
639,"Little Brook Green, Brook Green",17,300101
640,"Furze Green, Bow",17,200011
641,"Stephendale Road, Sands End",17,300053
642,"Soho Square , Soho",17,1052
643,"Great Titchfield Street, Fitzrovia",18,3450
644,"Vauxhall Street, Vauxhall",18,1224
645,"Grove End Road, St. John's Wood",18,1130
646,"High Holborn , Covent Garden",18,1229
647,"Little Argyll Street, West End",18,995
648,"Hinde Street, Marylebone",18,3476
649,"Prince of Wales Drive, Battersea Park",18,300073
650,"Hoxton Station, Hoxton",18,200151
651,"Hammersmith Road, Hammersmith",18,200142
652,"Charlotte Terrace, Angel",18,200129
653,"Farringdon Street, Holborn",18,300220
654,"Falkirk Street, Hoxton",18,1047
655,"Drury Lane, Covent Garden",18,1007
656,"East Road, Hoxton",18,1054
657,"Tooley Street, Bermondsey",18,1142
658,"Merchant Street, Bow",18,200242
659,"Culvert Road, Battersea",18,300080
660,"Westminster Pier, Westminster",18,300249
661,"Queen's Circus, Battersea Park",18,200190
662,"Hortensia Road, West Brompton",18,300091
663,"Bunhill Row, Moorgate",18,1211
664,"Holland Park, Kensington",18,10631
665,"Pitfield Street Central, Hoxton",18,200248
666,"Osiers Road, Wandsworth",18,200219
667,"Endsleigh Gardens, Euston",18,1079
668,"Blackfriars Station, St. Paul's",18,200212
669,"Teversham Lane, Stockwell",18,300036
670,"Westfield Ariel Way, White City",18,200141
671,"St. Mark's Road, North Kensington",19,300034
672,"Sancroft Street, Vauxhall",19,3434
673,"Great Tower Street, Monument",19,1080
674,"Russell Gardens, Olympia",19,200080
675,"Chicheley Street, South Bank",19,200206
676,"Upper Richmond Road, Putney",19,300042
677,"Ram Street, Wandsworth",19,200079
678,"Boston Place, Marylebone",19,1035
679,"Sirdar Road, Avondale",19,300084
680,"Birkenhead Street, King's Cross",19,300212
681,"Good's Way, King's Cross",19,300243
682,"Coomer Place, West Kensington",19,300006
683,"Jubilee Street, Stepney",19,200002
684,"Pitfield Street North,Hoxton",19,200152
685,"Green Park Station, Mayfair",19,200096
686,"Falcon Road, Clapham Junction",19,300014
687,"Houndsditch, Aldgate",19,200072
688,"Hardwick Street, Clerkenwell",19,1057
689,"Sea Containers, South Bank",19,200144
690,"Hollybush Gardens, Bethnal Green",19,200244
691,"Malet Street, Bloomsbury",19,980
692,"Northdown Street, King's Cross",20,200058
693,"New North Road 2, Hoxton",20,2641
694,"Killick Street, King's Cross",20,200053
695,"Archbishop's Park, Waterloo",20,300025
696,"Sun Street, Liverpool Street",20,1129
697,"Regent's Row , Haggerston",20,200064
698,"Grenfell Road, Avondale",20,300067
699,"Sedding Street, Sloane Square",20,3420
700,"Antill Road, Mile End",20,200041
701,"Esmond Street, Putney",20,200170
702,"Finsbury Circus, Liverpool Street",20,984
703,"New Kent Road, The Borough",20,966
704,"Greenland Road, Camden Town",20,200026
705,"Bonny Street, Camden Town",20,200105
706,"Lansdowne Walk, Ladbroke Grove",21,200065
707,"St. Chad's Street, King's Cross",21,1013
708,"Ilchester Place, Kensington",21,1115
709,"Walmer Road, Avondale",21,200035
710,"Woodstock Grove, Shepherd's Bush",21,200214
711,"Wenlock Road , Hoxton",21,979
712,"Bricklayers Arms, Borough",21,1070
713,"Morie Street, Wandsworth",21,200187
714,"Ingrave Street, Clapham Junction",21,300077
715,"Everington Street, Fulham",21,300028
716,"Binfield Road, Stockwell",21,300015
717,"Fanshaw Street, Hoxton",21,3427
718,"Maida Vale, Maida Vale",21,3423
719,"Holborn Circus, Holborn",21,982
720,"Jubilee Plaza, Canary Wharf",21,200163
721,"Queen Street 1, Bank",22,999
722,"Emperor's Gate, South Kensington",22,1116
723,"Calshot Street , King's Cross",22,1066
724,"Tower Gardens , Tower",22,1071
725,"Lower Thames Street, Monument",22,1098
726,"Erin Close, Walham Green",22,200184
727,"George Street, Marylebone",22,1225
728,"Addison Road, Holland Park",22,200218
729,"Harrington Square 1, Camden Town",22,1038
730,"Vauxhall Walk, Vauxhall",22,200056
731,"Queensdale Road, Shepherd's Bush",22,300088
732,"Bramham Gardens, Earl's Court",22,1183
733,"Castlehaven Road, Camden Town",22,200016
734,"Upcerne Road, West Chelsea",22,300075
735,"Flood Street, Chelsea",22,1218
736,"Wandsworth Town Station, Wandsworth",22,200091
737,"Wellington Arch, Hyde Park",22,1109
738,"London Zoo Car Park, The Regent's Park",22,1188
739,"Cleveland Way, Stepney",22,200250
740,"Devons Road, Bow",22,200255
741,"Bishop's Avenue, Fulham",22,200043
742,"Abbotsbury Road, Holland Park",23,200111
743,"Grant Road East, Clapham Junction",23,200120
744,"St. John's Wood Road, St. John's Wood",23,1187
745,"Phillimore Gardens, Kensington",23,1018
746,"Palace Gardens Terrace, Notting Hill",23,2633
747,"Natural History Museum, South Kensington",23,2677
748,"Moorfields, Moorgate",23,1092
749,"Waterloo Station 2, Waterloo",23,2692
750,"Bethnal Green Garden, Bethnal Green",24,200047
751,"Clarendon Road, Avondale",24,200124
752,"Taviton Street, Bloomsbury",24,1009
753,"Peterborough Road, Sands End",24,200171
754,"Maplin Street, Mile End",24,200230
755,"Bow Road Station, Bow",24,200251
756,"Caldwell Street, Stockwell",24,200137
757,"East India DLR, Blackwall",24,200127
758,"Warren Street Station, Euston",25,1090
759,"Fulham Broadway, Walham Green",25,300086
760,"South Park, Sands End",25,200180
761,"Burdett Road, Mile End",25,200123
762,"Albert Gardens, Stepney",25,22166
763,"Queensbridge Road, Haggerston",25,200024
764,"Warwick Road, Olympia",25,1134
765,"City Road, Angel",25,2690
766,"Battersea Park Road, Nine Elms",26,200183
767,"Lansdowne Road, Ladbroke Grove",26,200172
768,"LSBU (Borough Road), Elephant & Castle",26,1095
769,"Leonard Circus , Shoreditch",26,1020
770,"Cheapside, Bank",26,22180
771,"Lee Valley VeloPark, Queen Elizabeth Olympic Park",26,300029
772,"Pennington Street, Wapping",26,200090
773,"Mile End Park Leisure Centre, Mile End",26,300027
774,"Royal College Street, Camden Town",26,2686
775,"Hoxton Street, Hoxton",27,200071
776,"Allington Street, Victoria",27,300242
777,"Old Street Station, St. Luke's",27,1064
778,"Parkway, Camden Town",27,200118
779,"Eastbourne Mews, Paddington",27,1203
780,"Fisherman's Walk West, Canary Wharf",27,22165
781,"Parsons Green Station, Parsons Green",27,300052
782,"Evesham Street, Avondale",28,300022
783,"Colet Gardens, Hammersmith",28,200224
784,"Lancaster Gate , Bayswater",28,200017
785,"Knightsbridge, Hyde Park",28,1101
786,"Seymour Place, Marylebone",29,200198
787,"Berry Street, Clerkenwell",29,1159
788,"Dunston Road , Haggerston",29,300024
789,"Barons Court Station, West Kensington",31,200197
790,"Ranelagh Gardens, Fulham",31,300064
791,"Buxton Street 1, Shoreditch",31,1223
792,"Frampton Street, Paddington",32,1099
793,"Clinton Road, Mile End",32,200161
794,"Irene Road, Parsons Green",32,300012
795,"Aquatic Centre, Queen Elizabeth Olympic Park",32,300233
796,"St. John's Road, Clapham Junction",33,200185
797,"Strand, Strand",33,1100
798,"Import Dock, Canary Wharf",33,200066
